{"eval/mrstft":1.0221677497029305,"_step":0,"_runtime":250.157151,"eval/esr":2.203782707452774,"eval/dc":0.00011879526709890342,"eval/mae":0.1726275011897087,"_timestamp":1.740945050084262e+09,"_wandb":{"runtime":250},"eval/rtf":5.8635251627815705}
